{
    "accuracy": 91.50397648505822,
    "test_loss": 0.23255518311758835
}