{
    "accuracy": 5852.194623667122,
    "test_loss": 0.2495611498306195
}